sampleid	tissueid	master_ccl_id	sample_availability	ccle_primary_hist
697	haematopoietic_and_lymphoid_tissue	1	ccle;public	lymphoid_neoplasm
5637	urinary_tract	3	ccle;public	carcinoma
2313287	stomach	4	ccle;public	carcinoma
1321N1	central_nervous_system	5	ccle	glioma
143B	bone	6	ccle	osteosarcoma
22RV1	prostate	7	ccle;public	carcinoma
253J	urinary_tract	8	ccle;public	carcinoma
253JBV	urinary_tract	9	ccle;public	carcinoma
42MGBA	central_nervous_system	10	ccle;public	glioma
59M	ovary	13	ccle	carcinoma
639V	urinary_tract	14	ccle;public	carcinoma
647V	urinary_tract	15	ccle;public	carcinoma
769P	kidney	16	ccle;public	carcinoma
786O	kidney	19	ccle;public	carcinoma
8305C	thyroid	20	ccle;public	carcinoma
8505C	thyroid	21	ccle;public	carcinoma
8MGBA	central_nervous_system	22	ccle;public	glioma
A101D	skin	23	ccle;public	malignant_melanoma
A1207	central_nervous_system	24	ccle	glioma
A172	central_nervous_system	25	ccle;public	glioma
A204	soft_tissue	26	ccle;public	rhabdoid_tumor
A2058	skin	27	ccle;public	malignant_melanoma
A253	salivary_gland	28	ccle;public	carcinoma
A2780	ovary	29	ccle;public	carcinoma
A375	skin	30	ccle;public	malignant_melanoma
A3KAW	haematopoietic_and_lymphoid_tissue	31	ccle;public	lymphoid_neoplasm
A498	kidney	33	ccle;public	carcinoma
A4FUK	haematopoietic_and_lymphoid_tissue	34	ccle;public	lymphoid_neoplasm
A549	lung	35	ccle;public	carcinoma
A673	bone	37	ccle;public	Ewings_sarcoma_peripheral_primitive_neuroectodermal_tumor
A704	kidney	39	ccle	carcinoma
ABC1	lung	40	ccle	carcinoma
ACCMESO1	pleura	41	ccle;public	mesothelioma
ACCS	urinary_tract	42	ccle	carcinoma
ACHN	kidney	43	ccle;public	carcinoma
AGS	stomach	44	ccle;public	carcinoma
ALLSIL	haematopoietic_and_lymphoid_tissue	46	ccle;public	lymphoid_neoplasm
AM38	central_nervous_system	47	ccle;public	glioma
AML193	haematopoietic_and_lymphoid_tissue	48	ccle;public	haematopoietic_neoplasm
AMO1	haematopoietic_and_lymphoid_tissue	49	ccle;public	lymphoid_neoplasm
AN3CA	endometrium	50	ccle;public	carcinoma
ASPC1	pancreas	52	ccle;public	carcinoma
AU565	breast	53	ccle;public	carcinoma
AZ521	stomach	54	ccle	carcinoma
BC3C	urinary_tract	55	ccle;public	carcinoma
BCP1	haematopoietic_and_lymphoid_tissue	56	ccle;public	lymphoid_neoplasm
BCPAP	thyroid	57	ccle;public	carcinoma
BDCM	haematopoietic_and_lymphoid_tissue	58	ccle;public	lymphoid_neoplasm
BECKER	central_nervous_system	59	ccle;public	glioma
BEN	lung	60	ccle;public	carcinoma
BFTC905	urinary_tract	61	ccle;public	carcinoma
BFTC909	kidney	62	ccle;public	carcinoma
BHT101	thyroid	64	ccle;public	carcinoma
BHY	upper_aerodigestive_tract	65	ccle;public	carcinoma
BICR16	upper_aerodigestive_tract	66	ccle;public	carcinoma
BICR18	upper_aerodigestive_tract	67	ccle;public	carcinoma
BICR22	upper_aerodigestive_tract	68	ccle;public	carcinoma
BICR31	upper_aerodigestive_tract	69	ccle;public	carcinoma
BICR56	upper_aerodigestive_tract	70	ccle;public	carcinoma
BICR6	upper_aerodigestive_tract	71	ccle;public	carcinoma
BJHTERT	skin	73	ccle	
BL41	haematopoietic_and_lymphoid_tissue	74	ccle;public	lymphoid_neoplasm
BL70	haematopoietic_and_lymphoid_tissue	75	ccle;public	lymphoid_neoplasm
BT112		77	collaborator	
BT131		78	collaborator	
BT139		79	collaborator	
BT145		80	collaborator	
BT147		81	collaborator	
BT159		82	collaborator	
BT164		83	collaborator	
BT172		84	collaborator	
BT179		85	collaborator	
BT187		88	collaborator	
BT20	breast	90	ccle;public	carcinoma
BT216		91	collaborator	
BT224		92	collaborator	
BT228		93	collaborator	
BT231		94	collaborator	
BT239		95	collaborator	
BT248		96	collaborator	
BT474	breast	97	ccle;public	carcinoma
BT483	breast	98	ccle	carcinoma
BT549	breast	99	ccle;public	carcinoma
BV173	haematopoietic_and_lymphoid_tissue	100	ccle;public	haematopoietic_neoplasm
BXPC3	pancreas	101	ccle;public	carcinoma
C2BBE1	large_intestine	102	ccle;public	carcinoma
C32	skin	103	ccle;public	malignant_melanoma
C3A	liver	104	ccle	carcinoma
CA46	haematopoietic_and_lymphoid_tissue	106	ccle;public	lymphoid_neoplasm
CADOES1	bone	108	ccle;public	Ewings_sarcoma_peripheral_primitive_neuroectodermal_tumor
CAKI1	kidney	109	ccle;public	carcinoma
CAKI2	kidney	110	ccle;public	carcinoma
CAL120	breast	111	ccle;public	carcinoma
CAL12T	lung	112	ccle;public	carcinoma
CAL148	breast	113	ccle;public	carcinoma
CAL27	upper_aerodigestive_tract	114	ccle;public	carcinoma
CAL29	urinary_tract	115	ccle;public	carcinoma
CAL33	upper_aerodigestive_tract	116	ccle;public	carcinoma
CAL51	breast	117	ccle;public	carcinoma
CAL54	kidney	118	ccle;public	carcinoma
CAL62	thyroid	119	ccle;public	carcinoma
CAL78	bone	120	ccle;public	chondrosarcoma
CAL851	breast	121	ccle;public	carcinoma
CALU1	lung	122	ccle;public	carcinoma
CALU3	lung	123	ccle;public	carcinoma
CALU6	lung	124	ccle;public	carcinoma
CAMA1	breast	125	ccle;public	carcinoma
CAOV3	ovary	126	ccle;public	carcinoma
CAOV4	ovary	127	ccle	carcinoma
CAPAN1	pancreas	128	ccle;public	carcinoma
CAPAN2	pancreas	129	ccle;public	carcinoma
CAS1	central_nervous_system	130	ccle;public	glioma
CCFSTTG1	central_nervous_system	131	ccle;public	glioma
CCK81	large_intestine	132	ccle;public	carcinoma
CFPAC1	pancreas	138	ccle;public	carcinoma
CGTHW1	thyroid	139	ccle;public	carcinoma
CH157MN	central_nervous_system	140	ccle	meningioma
CHAGOK1	lung	141	ccle;public	carcinoma
CHL1	skin	142	ccle	malignant_melanoma
CHP126	autonomic_ganglia	143	ccle;public	neuroblastoma
CHP212	autonomic_ganglia	144	ccle;public	neuroblastoma
CI1	haematopoietic_and_lymphoid_tissue	145	ccle;public	lymphoid_neoplasm
CJM	skin	146	ccle;public	malignant_melanoma
CL11	large_intestine	147	ccle;public	carcinoma
CL14	large_intestine	148	ccle	carcinoma
CL34	large_intestine	149	ccle;public	carcinoma
CL40	large_intestine	150	ccle	carcinoma
CMK	haematopoietic_and_lymphoid_tissue	151	ccle;public	haematopoietic_neoplasm
CMK115	haematopoietic_and_lymphoid_tissue	152	ccle	haematopoietic_neoplasm
CMK86	haematopoietic_and_lymphoid_tissue	153	ccle	haematopoietic_neoplasm
CMLT1	haematopoietic_and_lymphoid_tissue	154	ccle;public	haematopoietic_neoplasm
COLO201	large_intestine	155	ccle;public	carcinoma
COLO205	large_intestine	156	ccle;public	carcinoma
COLO320	large_intestine	157	ccle;public	carcinoma
COLO668	lung	158	ccle;public	carcinoma
COLO677	haematopoietic_and_lymphoid_tissue	159	ccle	lymphoid_neoplasm
COLO678	large_intestine	160	ccle;public	carcinoma
COLO679	skin	161	ccle;public	malignant_melanoma
COLO680N	oesophagus	162	ccle;public	carcinoma
COLO684	endometrium	163	ccle;public	carcinoma
COLO699		164	public	
COLO704	ovary	165	ccle	carcinoma
COLO741	skin	166	ccle;public	malignant_melanoma
COLO775	haematopoietic_and_lymphoid_tissue	167	ccle	haematopoietic_neoplasm
COLO783	skin	168	ccle;public	malignant_melanoma
COLO792	skin	169	ccle;public	malignant_melanoma
COLO800	skin	170	ccle;public	malignant_melanoma
COLO818	skin	171	ccle	malignant_melanoma
COLO829	skin	172	ccle;public	malignant_melanoma
COLO849	skin	173	ccle	malignant_melanoma
CORL105	lung	174	ccle;public	carcinoma
CORL23	lung	175	ccle	carcinoma
CORL24	lung	176	ccle	carcinoma
CORL279	lung	178	ccle;public	carcinoma
CORL311	lung	179	ccle	carcinoma
CORL47	lung	180	ccle;public	carcinoma
CORL51	lung	181	ccle;public	carcinoma
CORL88	lung	182	ccle;public	carcinoma
CORL95	lung	183	ccle;public	carcinoma
COV318	ovary	184	ccle;public	carcinoma
COV362	ovary	185	ccle;public	carcinoma
COV434	ovary	186	ccle;public	sex_cord_stromal_tumor
COV504	ovary	187	ccle	carcinoma
COV644	ovary	188	ccle;public	carcinoma
CPCN	lung	189	ccle	carcinoma
CW2	large_intestine	190	ccle;public	carcinoma
D283MED	central_nervous_system	193	ccle;public	primitive_neuroectodermal_tumor_medulloblastoma
D341MED	central_nervous_system	195	ccle	primitive_neuroectodermal_tumor_medulloblastoma
DANG	pancreas	201	ccle;public	carcinoma
DAOY	central_nervous_system	202	ccle;public	primitive_neuroectodermal_tumor_medulloblastoma
DAUDI	haematopoietic_and_lymphoid_tissue	203	ccle;public	lymphoid_neoplasm
DB	haematopoietic_and_lymphoid_tissue	204	ccle;public	lymphoid_neoplasm
DBTRG05MG	central_nervous_system	205	ccle;public	glioma
DEL	haematopoietic_and_lymphoid_tissue	206	ccle;public	lymphoid_neoplasm
DETROIT562	upper_aerodigestive_tract	208	ccle;public	carcinoma
DFCI024	lung	209	ccle	carcinoma
DKMG	central_nervous_system	211	ccle;public	glioma
DLD1	large_intestine	212	ccle;public	carcinoma
DM3	pleura	214	ccle;public	mesothelioma
DMS114	lung	215	ccle;public	carcinoma
DMS153	lung	216	ccle	carcinoma
DMS273	lung	217	ccle;public	carcinoma
DMS454	lung	218	ccle;public	carcinoma
DMS53	lung	219	ccle;public	carcinoma
DMS79	lung	220	ccle;public	carcinoma
DND41	haematopoietic_and_lymphoid_tissue	221	ccle;public	lymphoid_neoplasm
DOHH2	haematopoietic_and_lymphoid_tissue	222	ccle;public	lymphoid_neoplasm
DOV13		223	public	
DU145	prostate	225	ccle;public	carcinoma
DU4475	breast	226	ccle;public	carcinoma
DV90	lung	227	ccle;public	carcinoma
EB1	haematopoietic_and_lymphoid_tissue	228	ccle;public	lymphoid_neoplasm
EB2	haematopoietic_and_lymphoid_tissue	229	ccle	lymphoid_neoplasm
EBC1	lung	230	ccle;public	carcinoma
ECC10	stomach	231	ccle;public	carcinoma
ECC12	stomach	232	ccle;public	carcinoma
ECGI10	oesophagus	233	ccle;public	carcinoma
EFE184	endometrium	234	ccle;public	carcinoma
EFM19	breast	235	ccle	carcinoma
EFM192A	breast	236	ccle;public	carcinoma
EFO21	ovary	237	ccle;public	carcinoma
EFO27	ovary	238	ccle;public	carcinoma
EHEB	haematopoietic_and_lymphoid_tissue	239	ccle;public	lymphoid_neoplasm
EJM	haematopoietic_and_lymphoid_tissue	240	ccle;public	lymphoid_neoplasm
EKVX		241	public	
EM2	haematopoietic_and_lymphoid_tissue	242	ccle;public	haematopoietic_neoplasm
EN	endometrium	243	ccle;public	carcinoma
EOL1	haematopoietic_and_lymphoid_tissue	244	ccle;public	haematopoietic_neoplasm
EPLC272H	lung	246	ccle;public	carcinoma
ES2	ovary	247	ccle;public	carcinoma
ESS1	endometrium	248	ccle;public	carcinoma
EVSAT	breast	249	ccle	carcinoma
EW8	bone	250	ccle	Ewings_sarcoma_peripheral_primitive_neuroectodermal_tumor
EWS502	bone	251	ccle	Ewings_sarcoma_peripheral_primitive_neuroectodermal_tumor
F36P	haematopoietic_and_lymphoid_tissue	253	ccle;public	haematopoietic_neoplasm
F5	central_nervous_system	254	ccle	meningioma
FADU	upper_aerodigestive_tract	255	ccle;public	carcinoma
FTC133	thyroid	257	ccle;public	carcinoma
FTC238	thyroid	258	ccle;public	carcinoma
FU97	stomach	259	ccle;public	carcinoma
FUOV1	ovary	261	ccle;public	carcinoma
G292CLONEA141B1	bone	262	ccle;public	osteosarcoma
G361	skin	263	ccle;public	malignant_melanoma
G401	soft_tissue	264	ccle;public	rhabdoid_tumor
G402	soft_tissue	265	ccle;public	rhabdoid_tumor
GA10	haematopoietic_and_lymphoid_tissue	266	ccle;public	lymphoid_neoplasm
GAMG	central_nervous_system	268	ccle;public	glioma
GB1	central_nervous_system	269	ccle;public	glioma
GCIY	stomach	270	ccle	carcinoma
GCT	soft_tissue	271	ccle;public	malignant_fibrous_histiocytoma_pleomorphic_sarcoma
GDM1	haematopoietic_and_lymphoid_tissue	272	ccle;public	haematopoietic_neoplasm
GI1	central_nervous_system	274	ccle;public	glioma
GMS10	central_nervous_system	280	ccle;public	glioma
GOS3	central_nervous_system	281	ccle;public	glioma
GP2D	large_intestine	282	ccle;public	carcinoma
GRANTA519	haematopoietic_and_lymphoid_tissue	283	ccle;public	lymphoid_neoplasm
GRM	skin	284	ccle	malignant_melanoma
GSS	stomach	285	ccle;public	carcinoma
GSU	stomach	286	ccle;public	carcinoma
H292	lung	290	ccle;public	carcinoma
H4	central_nervous_system	291	ccle	glioma
HARA	lung	293	ccle;public	carcinoma
HCC1143	breast	295	ccle;public	carcinoma
HCC1171	lung	296	ccle;public	carcinoma
HCC1187	breast	297	ccle	carcinoma
HCC1195	lung	298	ccle;public	carcinoma
HCC1359	lung	299	ccle	carcinoma
HCC1395	breast	300	ccle;public	carcinoma
HCC1419	breast	301	ccle;public	carcinoma
HCC1428	breast	302	ccle;public	carcinoma
HCC1438	lung	303	ccle;public	carcinoma
HCC15	lung	304	ccle;public	carcinoma
HCC1500	breast	305	ccle;public	carcinoma
HCC1569	breast	306	ccle;public	carcinoma
HCC1588	lung	307	ccle;public	carcinoma
HCC1599	breast	308	ccle	carcinoma
HCC1806	breast	309	ccle;public	carcinoma
HCC1833	lung	310	ccle;public	carcinoma
HCC1897	lung	311	ccle	carcinoma
HCC1937	breast	313	ccle;public	carcinoma
HCC1954	breast	314	ccle;public	carcinoma
HCC202	breast	315	ccle;public	carcinoma
HCC2108	lung	316	ccle;public	carcinoma
HCC2157	breast	317	ccle	carcinoma
HCC2218	breast	318	ccle;public	carcinoma
HCC2279	lung	319	ccle;public	carcinoma
HCC2814	lung	323	ccle	carcinoma
HCC2935	lung	324	ccle;public	carcinoma
HCC33	lung	326	ccle;public	carcinoma
HCC364	lung	327	ccle	carcinoma
HCC366	lung	328	ccle;public	carcinoma
HCC38	breast	330	ccle;public	carcinoma
HCC4006	lung	331	ccle;public	carcinoma
HCC44	lung	332	ccle;public	carcinoma
HCC56	large_intestine	337	ccle;public	carcinoma
HCC70	breast	338	ccle	carcinoma
HCC78	lung	339	ccle;public	carcinoma
HCC827	lung	340	ccle;public	carcinoma
HCC827GR5	lung	341	ccle	carcinoma
HCC95	lung	342	ccle;public	carcinoma
HCT116	large_intestine	343	ccle;public	carcinoma
HCT15	large_intestine	345	ccle;public	carcinoma
HCT8	large_intestine	346	ccle;public	carcinoma
HDLM2	haematopoietic_and_lymphoid_tissue	347	ccle;public	lymphoid_neoplasm
HDMYZ	haematopoietic_and_lymphoid_tissue	348	ccle;public	lymphoid_neoplasm
HDQP1	breast	349	ccle;public	carcinoma
HEC108	endometrium	350	ccle;public	carcinoma
HEC151	endometrium	351	ccle;public	carcinoma
HEC1A	endometrium	352	ccle;public	carcinoma
HEC1B	endometrium	353	ccle;public	carcinoma
HEC251	endometrium	354	ccle;public	carcinoma
HEC265	endometrium	355	ccle;public	carcinoma
HEC50B	endometrium	356	ccle;public	carcinoma
HEC59	endometrium	357	ccle;public	carcinoma
HEC6	endometrium	358	ccle;public	carcinoma
HEKTE	kidney	361	ccle	
HEL	haematopoietic_and_lymphoid_tissue	362	ccle;public	haematopoietic_neoplasm
HEL9217	haematopoietic_and_lymphoid_tissue	363	ccle;public	haematopoietic_neoplasm
HELA		364	public	
HEP3B217	liver	365	ccle;public	carcinoma
HEPG2	liver	366	ccle;public	carcinoma
HEYA8	ovary	367	ccle;public	carcinoma
HGC27	stomach	368	ccle;public	carcinoma
HH	haematopoietic_and_lymphoid_tissue	369	ccle;public	lymphoid_neoplasm
HK2	kidney	370	ccle	
HL60	haematopoietic_and_lymphoid_tissue	371	ccle;public	haematopoietic_neoplasm
HLC1	lung	372	ccle	carcinoma
HLE	liver	373	ccle	carcinoma
HLF	liver	374	ccle;public	carcinoma
HLFA	lung	375	ccle	carcinoma
HMC18	breast	376	ccle;public	carcinoma
HMCB	skin	377	ccle;public	malignant_melanoma
HMEL	breast	378	ccle	
HN	upper_aerodigestive_tract	379	ccle	carcinoma
HOP62		381	public	
HOP92		382	public	
HOS	bone	383	ccle;public	osteosarcoma
HPAC	pancreas	384	ccle;public	carcinoma
HPAFII	pancreas	385	ccle;public	carcinoma
HPBALL	haematopoietic_and_lymphoid_tissue	386	ccle;public	lymphoid_neoplasm
HRT18	large_intestine	387	ccle	carcinoma
HS172T	urinary_tract	388	ccle	carcinoma
HS229T	lung	390	ccle	carcinoma
HS255T	large_intestine	391	ccle	carcinoma
HS274T	breast	393	ccle	carcinoma
HS281T	breast	394	ccle	carcinoma
HS294T	skin	395	ccle;public	malignant_melanoma
HS343T	breast	396	ccle	carcinoma
HS571T	ovary	397	ccle	carcinoma
HS578BST		399	public	
HS578T	breast	400	ccle;public	carcinoma
HS600T	skin	402	ccle	malignant_melanoma
HS604T	haematopoietic_and_lymphoid_tissue	403	ccle	lymphoid_neoplasm
HS606T	breast	404	ccle	carcinoma
HS611T	haematopoietic_and_lymphoid_tissue	405	ccle;public	lymphoid_neoplasm
HS616T	haematopoietic_and_lymphoid_tissue	406	ccle	lymphoid_neoplasm
HS618T	lung	407	ccle	carcinoma
HS675T	large_intestine	408	ccle	carcinoma
HS683	central_nervous_system	409	ccle;public	glioma
HS688AT	skin	410	ccle;public	malignant_melanoma
HS695T	skin	411	ccle	malignant_melanoma
HS698T	large_intestine	412	ccle	carcinoma
HS706T	bone	413	ccle	giant_cell_tumor
HS729	soft_tissue	414	ccle;public	rhabdomyosarcoma
HS737T	bone	415	ccle	
HS739T	breast	416	ccle	carcinoma
HS742T	breast	417	ccle	carcinoma
HS746T	stomach	418	ccle;public	carcinoma
HS751T	haematopoietic_and_lymphoid_tissue	420	ccle	lymphoid_neoplasm
HS766T	pancreas	421	ccle;public	carcinoma
HS819T	bone	422	ccle;public	chondrosarcoma
HS821T	bone	423	ccle	giant_cell_tumor
HS822T	bone	424	ccle;public	Ewings_sarcoma_peripheral_primitive_neuroectodermal_tumor
HS834T	skin	425	ccle	malignant_melanoma
HS839T	skin	426	ccle;public	malignant_melanoma
HS840T	upper_aerodigestive_tract	427	ccle	
HS852T	skin	428	ccle;public	malignant_melanoma
HS863T	bone	429	ccle	Ewings_sarcoma_peripheral_primitive_neuroectodermal_tumor
HS870T	bone	430	ccle	osteosarcoma
HS888LU		431	public	
HS888T	bone	432	ccle;public	osteosarcoma
HS895T	skin	434	ccle;public	malignant_melanoma
HS934T	skin	436	ccle;public	malignant_melanoma
HS936T	skin	437	ccle;public	malignant_melanoma
HS939T	skin	438	ccle	malignant_melanoma
HS940T	skin	439	ccle;public	malignant_melanoma
HS944T	skin	440	ccle;public	malignant_melanoma
HSC2	upper_aerodigestive_tract	441	ccle;public	carcinoma
HSC3	upper_aerodigestive_tract	442	ccle;public	carcinoma
HSC4	upper_aerodigestive_tract	443	ccle;public	carcinoma
HSTS		444	collaborator	
HT	haematopoietic_and_lymphoid_tissue	445	ccle;public	lymphoid_neoplasm
HT1080	soft_tissue	446	ccle;public	fibrosarcoma
HT115	large_intestine	447	ccle;public	carcinoma
HT1197	urinary_tract	448	ccle;public	carcinoma
HT1376	urinary_tract	449	ccle;public	carcinoma
HT144	skin	450	ccle;public	malignant_melanoma
HT29	large_intestine	451	ccle;public	carcinoma
HT55	large_intestine	452	ccle;public	carcinoma
HTK	haematopoietic_and_lymphoid_tissue	454	ccle	lymphoid_neoplasm
HUCCT1	biliary_tract	455	ccle;public	carcinoma
HUG1N	stomach	456	ccle;public	carcinoma
HUH1	liver	457	ccle;public	carcinoma
HUH28	biliary_tract	458	ccle;public	carcinoma
HUH6	liver	459	ccle;public	
HUH7	liver	460	ccle	carcinoma
HUNS1	haematopoietic_and_lymphoid_tissue	461	ccle;public	lymphoid_neoplasm
HUPT3	pancreas	462	ccle;public	carcinoma
HUPT4	pancreas	463	ccle;public	carcinoma
HUT102	haematopoietic_and_lymphoid_tissue	464	ccle	lymphoid_neoplasm
HUT78	haematopoietic_and_lymphoid_tissue	465	ccle;public	lymphoid_neoplasm
HUTU80	small_intestine	466	ccle	carcinoma
IALM	lung	469	ccle;public	carcinoma
IGR1	skin	470	ccle;public	malignant_melanoma
IGR37	skin	471	ccle;public	malignant_melanoma
IGR39	skin	472	ccle;public	malignant_melanoma
IGROV1	ovary	473	ccle;public	carcinoma
IM95	stomach	474	ccle;public	carcinoma
IMR32	autonomic_ganglia	475	ccle;public	neuroblastoma
IOMMLEE	central_nervous_system	477	ccle	meningioma
IPC298	skin	478	ccle;public	malignant_melanoma
ISHIKAWAHERAKLIO02ER	endometrium	479	ccle;public	carcinoma
ISTMES1	pleura	480	ccle;public	mesothelioma
ISTMES2	pleura	481	ccle	mesothelioma
J82	urinary_tract	482	ccle;public	carcinoma
JEKO1	haematopoietic_and_lymphoid_tissue	484	ccle;public	lymphoid_neoplasm
JHESOAD1	oesophagus	485	ccle	carcinoma
JHH1	liver	486	ccle;public	carcinoma
JHH2	liver	487	ccle;public	carcinoma
JHH4	liver	488	ccle;public	carcinoma
JHH5	liver	489	ccle;public	carcinoma
JHH6	liver	490	ccle;public	carcinoma
JHH7	liver	491	ccle	carcinoma
JHOC5	ovary	492	ccle;public	carcinoma
JHOM1	ovary	493	ccle;public	carcinoma
JHOM2B	ovary	494	ccle	carcinoma
JHOS2	ovary	495	ccle;public	carcinoma
JHOS4	ovary	496	ccle	carcinoma
JHUEM1	endometrium	497	ccle;public	carcinoma
JHUEM2	endometrium	498	ccle;public	carcinoma
JHUEM3	endometrium	499	ccle;public	carcinoma
JHUEM7	endometrium	500	ccle;public	carcinoma
JIMT1	breast	501	ccle;public	carcinoma
JJN3	haematopoietic_and_lymphoid_tissue	502	ccle;public	lymphoid_neoplasm
JK1	haematopoietic_and_lymphoid_tissue	503	ccle;public	haematopoietic_neoplasm
JL1	pleura	504	ccle;public	mesothelioma
JM1	haematopoietic_and_lymphoid_tissue	505	ccle;public	lymphoid_neoplasm
JMSU1	urinary_tract	506	ccle;public	carcinoma
JURKAT	haematopoietic_and_lymphoid_tissue	508	ccle;public	lymphoid_neoplasm
JURLMK1	haematopoietic_and_lymphoid_tissue	509	ccle;public	haematopoietic_neoplasm
JVM2	haematopoietic_and_lymphoid_tissue	510	ccle;public	lymphoid_neoplasm
JVM3	haematopoietic_and_lymphoid_tissue	511	ccle;public	lymphoid_neoplasm
K029AX	skin	512	ccle;public	malignant_melanoma
K562	haematopoietic_and_lymphoid_tissue	513	ccle;public	haematopoietic_neoplasm
KALS1	central_nervous_system	514	ccle;public	glioma
KARPAS299	haematopoietic_and_lymphoid_tissue	515	ccle;public	lymphoid_neoplasm
KARPAS422	haematopoietic_and_lymphoid_tissue	516	ccle;public	lymphoid_neoplasm
KARPAS620	haematopoietic_and_lymphoid_tissue	517	ccle;public	lymphoid_neoplasm
KASUMI1	haematopoietic_and_lymphoid_tissue	518	ccle;public	haematopoietic_neoplasm
KASUMI2	haematopoietic_and_lymphoid_tissue	519	ccle;public	lymphoid_neoplasm
KASUMI6	haematopoietic_and_lymphoid_tissue	521	ccle	haematopoietic_neoplasm
KATOIII	stomach	522	ccle;public	carcinoma
KCIMOH1	pancreas	523	ccle	carcinoma
KCL22	haematopoietic_and_lymphoid_tissue	524	ccle;public	haematopoietic_neoplasm
KE37	haematopoietic_and_lymphoid_tissue	525	ccle;public	lymphoid_neoplasm
KE39	stomach	526	ccle;public	carcinoma
KE97	haematopoietic_and_lymphoid_tissue	527	ccle;public	lymphoid_neoplasm
KELLY	autonomic_ganglia	528	ccle;public	neuroblastoma
KG1	haematopoietic_and_lymphoid_tissue	529	ccle	haematopoietic_neoplasm
KG1C	central_nervous_system	530	ccle;public	glioma
KHM1B	haematopoietic_and_lymphoid_tissue	531	ccle;public	lymphoid_neoplasm
KIJK	haematopoietic_and_lymphoid_tissue	532	ccle;public	lymphoid_neoplasm
KLE	endometrium	534	ccle;public	carcinoma
KLM1	pancreas	535	ccle	carcinoma
KM12	large_intestine	536	ccle;public	carcinoma
KMBC2	urinary_tract	537	ccle;public	carcinoma
KMH2	haematopoietic_and_lymphoid_tissue	538	ccle;public	lymphoid_neoplasm
KMM1	haematopoietic_and_lymphoid_tissue	539	ccle;public	lymphoid_neoplasm
KMRC1	kidney	540	ccle;public	carcinoma
KMRC2	kidney	541	ccle;public	carcinoma
KMRC20	kidney	542	ccle;public	carcinoma
KMRC3	kidney	543	ccle;public	carcinoma
KMS11	haematopoietic_and_lymphoid_tissue	545	ccle;public	lymphoid_neoplasm
KMS12BM	haematopoietic_and_lymphoid_tissue	546	ccle;public	lymphoid_neoplasm
KMS18	haematopoietic_and_lymphoid_tissue	548	ccle;public	lymphoid_neoplasm
KMS20	haematopoietic_and_lymphoid_tissue	549	ccle;public	lymphoid_neoplasm
KMS21BM	haematopoietic_and_lymphoid_tissue	550	ccle;public	lymphoid_neoplasm
KMS26	haematopoietic_and_lymphoid_tissue	551	ccle;public	lymphoid_neoplasm
KMS27	haematopoietic_and_lymphoid_tissue	552	ccle;public	lymphoid_neoplasm
KMS28BM	haematopoietic_and_lymphoid_tissue	553	ccle;public	lymphoid_neoplasm
KMS34	haematopoietic_and_lymphoid_tissue	555	ccle;public	lymphoid_neoplasm
KNS42	central_nervous_system	556	ccle;public	glioma
KNS60	central_nervous_system	557	ccle;public	glioma
KNS62	lung	558	ccle;public	carcinoma
KNS81	central_nervous_system	559	ccle;public	glioma
KO52	haematopoietic_and_lymphoid_tissue	561	ccle;public	haematopoietic_neoplasm
KOPN8	haematopoietic_and_lymphoid_tissue	563	ccle	lymphoid_neoplasm
KP1N	pancreas	564	ccle	carcinoma
KP1NL	pancreas	565	ccle	carcinoma
KP2	pancreas	566	ccle;public	carcinoma
KP3	pancreas	567	ccle;public	carcinoma
KP4	pancreas	568	ccle;public	carcinoma
KPL1	breast	569	ccle;public	carcinoma
KPNRTBM1	autonomic_ganglia	570	ccle	neuroblastoma
KPNSI9S	autonomic_ganglia	571	ccle;public	neuroblastoma
KPNYN	autonomic_ganglia	572	ccle;public	neuroblastoma
KRIJ		573	collaborator	
KS1	central_nervous_system	574	ccle	glioma
KU1919	urinary_tract	575	ccle;public	carcinoma
KU812	haematopoietic_and_lymphoid_tissue	576	ccle;public	haematopoietic_neoplasm
KURAMOCHI	ovary	577	ccle;public	carcinoma
KYM1	soft_tissue	578	ccle;public	rhabdomyosarcoma
KYO1	haematopoietic_and_lymphoid_tissue	579	ccle;public	haematopoietic_neoplasm
KYSE140	oesophagus	580	ccle;public	carcinoma
KYSE150	oesophagus	581	ccle;public	carcinoma
KYSE180	oesophagus	582	ccle;public	carcinoma
KYSE270	oesophagus	583	ccle	carcinoma
KYSE30	oesophagus	584	ccle;public	carcinoma
KYSE410	oesophagus	585	ccle;public	carcinoma
KYSE450	oesophagus	586	ccle;public	carcinoma
KYSE510	oesophagus	587	ccle;public	carcinoma
KYSE520	oesophagus	588	ccle;public	carcinoma
KYSE70	oesophagus	589	ccle;public	carcinoma
L1236	haematopoietic_and_lymphoid_tissue	590	ccle;public	lymphoid_neoplasm
L33	pancreas	591	ccle;public	carcinoma
L363	haematopoietic_and_lymphoid_tissue	592	ccle;public	lymphoid_neoplasm
L428	haematopoietic_and_lymphoid_tissue	593	ccle;public	lymphoid_neoplasm
L540	haematopoietic_and_lymphoid_tissue	594	ccle;public	lymphoid_neoplasm
LAMA84	haematopoietic_and_lymphoid_tissue	595	ccle;public	haematopoietic_neoplasm
LC1F	lung	597	ccle;public	carcinoma
LC1SQSF	lung	598	ccle;public	carcinoma
LCLC103H	lung	599	ccle;public	carcinoma
LCLC97TM1	lung	600	ccle;public	carcinoma
LI7	liver	601	ccle;public	carcinoma
LK2	lung	602	ccle;public	carcinoma
LMSU	stomach	603	ccle;public	carcinoma
LN18	central_nervous_system	604	ccle;public	glioma
LN215	central_nervous_system	605	ccle	glioma
LN229	central_nervous_system	606	ccle;public	glioma
LN235	central_nervous_system	607	ccle	glioma
LN319	central_nervous_system	608	ccle	glioma
LN340	central_nervous_system	609	ccle	glioma
LN382	central_nervous_system	610	ccle	glioma
LN428	central_nervous_system	613	ccle	glioma
LN443	central_nervous_system	614	ccle	glioma
LN464	central_nervous_system	616	ccle	glioma
LNCAPCLONEFGC	prostate	618	ccle;public	carcinoma
LNZ308	central_nervous_system	619	ccle	glioma
LOUCY	haematopoietic_and_lymphoid_tissue	620	ccle	lymphoid_neoplasm
LOUNH91	lung	621	ccle;public	carcinoma
LOVO	large_intestine	622	ccle;public	carcinoma
LOXIMVI	skin	623	ccle;public	malignant_melanoma
LP1	haematopoietic_and_lymphoid_tissue	624	ccle;public	lymphoid_neoplasm
LS1034	large_intestine	626	ccle;public	carcinoma
LS123	large_intestine	627	ccle;public	carcinoma
LS180	large_intestine	630	ccle;public	carcinoma
LS411N	large_intestine	631	ccle;public	carcinoma
LS513	large_intestine	632	ccle;public	carcinoma
LU65	lung	633	ccle;public	carcinoma
LU99	lung	634	ccle;public	carcinoma
LUDLU1	lung	635	ccle;public	carcinoma
LXF289	lung	636	ccle;public	carcinoma
M059K	central_nervous_system	638	ccle;public	glioma
M07E	haematopoietic_and_lymphoid_tissue	639	ccle;public	haematopoietic_neoplasm
MALME3M	skin	641	ccle;public	malignant_melanoma
MB157	breast	642	ccle	carcinoma
MC116	haematopoietic_and_lymphoid_tissue	643	ccle;public	lymphoid_neoplasm
MCAS	ovary	644	ccle;public	carcinoma
MCF7	breast	646	ccle;public	carcinoma
MDAMB134VI	breast	647	ccle	carcinoma
MDAMB157	breast	648	ccle;public	carcinoma
MDAMB175VII	breast	649	ccle;public	carcinoma
MDAMB231	breast	650	ccle;public	carcinoma
MDAMB361	breast	651	ccle;public	carcinoma
MDAMB415	breast	652	ccle;public	carcinoma
MDAMB435S	skin	655	ccle;public	malignant_melanoma
MDAMB436	breast	656	ccle	carcinoma
MDAMB453	breast	657	ccle;public	carcinoma
MDAMB468	breast	658	ccle;public	carcinoma
MDAPCA2B	prostate	660	ccle	carcinoma
MDST8	large_intestine	661	ccle;public	carcinoma
ME1	haematopoietic_and_lymphoid_tissue	662	ccle;public	haematopoietic_neoplasm
MEC1	haematopoietic_and_lymphoid_tissue	663	ccle;public	lymphoid_neoplasm
MEC2	haematopoietic_and_lymphoid_tissue	664	ccle	lymphoid_neoplasm
MEG01	haematopoietic_and_lymphoid_tissue	665	ccle	haematopoietic_neoplasm
MELHO	skin	666	ccle;public	malignant_melanoma
MELJUSO	skin	667	ccle;public	malignant_melanoma
MESSA	soft_tissue	668	ccle;public	sarcoma
MEWO	skin	669	ccle;public	malignant_melanoma
MFE280	endometrium	670	ccle	carcinoma
MFE296	endometrium	671	ccle;public	carcinoma
MFE319	endometrium	672	ccle;public	carcinoma
MG63	bone	673	ccle;public	osteosarcoma
MHHCALL2	haematopoietic_and_lymphoid_tissue	674	ccle	lymphoid_neoplasm
MHHCALL3	haematopoietic_and_lymphoid_tissue	675	ccle;public	lymphoid_neoplasm
MHHCALL4	haematopoietic_and_lymphoid_tissue	676	ccle;public	lymphoid_neoplasm
MHHES1	bone	677	ccle;public	Ewings_sarcoma_peripheral_primitive_neuroectodermal_tumor
MHHNB11	autonomic_ganglia	678	ccle;public	neuroblastoma
MIAPACA2	pancreas	679	ccle;public	carcinoma
MINO	haematopoietic_and_lymphoid_tissue	680	ccle;public	lymphoid_neoplasm
MJ	haematopoietic_and_lymphoid_tissue	681	ccle;public	lymphoid_neoplasm
MKN1	stomach	682	ccle;public	carcinoma
MKN45	stomach	683	ccle;public	carcinoma
MKN7	stomach	684	ccle;public	carcinoma
MKN74	stomach	685	ccle;public	carcinoma
ML1	thyroid	686	ccle;public	carcinoma
MM1S	haematopoietic_and_lymphoid_tissue	688	ccle;public	lymphoid_neoplasm
MOGGCCM	central_nervous_system	690	ccle	glioma
MOGGUVW	central_nervous_system	691	ccle	glioma
MOLM13	haematopoietic_and_lymphoid_tissue	692	ccle;public	haematopoietic_neoplasm
MOLM16	haematopoietic_and_lymphoid_tissue	693	ccle;public	haematopoietic_neoplasm
MOLM6	haematopoietic_and_lymphoid_tissue	694	ccle;public	haematopoietic_neoplasm
MOLP2	haematopoietic_and_lymphoid_tissue	695	ccle;public	lymphoid_neoplasm
MOLP8	haematopoietic_and_lymphoid_tissue	696	ccle;public	lymphoid_neoplasm
MOLT13	haematopoietic_and_lymphoid_tissue	697	ccle;public	lymphoid_neoplasm
MOLT16	haematopoietic_and_lymphoid_tissue	698	ccle;public	lymphoid_neoplasm
MOLT3		699	public	
MOLT4	haematopoietic_and_lymphoid_tissue	700	ccle	lymphoid_neoplasm
MONOMAC1	haematopoietic_and_lymphoid_tissue	701	ccle;public	haematopoietic_neoplasm
MONOMAC6	haematopoietic_and_lymphoid_tissue	702	ccle;public	haematopoietic_neoplasm
MORCPR	lung	703	ccle;public	carcinoma
MOTN1	haematopoietic_and_lymphoid_tissue	704	ccle;public	lymphoid_neoplasm
MPP89	pleura	705	ccle;public	mesothelioma
MSTO211H	pleura	706	ccle;public	mesothelioma
MUTZ3	haematopoietic_and_lymphoid_tissue	708	ccle	haematopoietic_neoplasm
MUTZ5	haematopoietic_and_lymphoid_tissue	709	ccle	lymphoid_neoplasm
MV411	haematopoietic_and_lymphoid_tissue	710	ccle;public	haematopoietic_neoplasm
NALM1	haematopoietic_and_lymphoid_tissue	716	ccle	haematopoietic_neoplasm
NALM19	haematopoietic_and_lymphoid_tissue	717	ccle	lymphoid_neoplasm
NALM6	haematopoietic_and_lymphoid_tissue	718	ccle;public	lymphoid_neoplasm
NAMALWA	haematopoietic_and_lymphoid_tissue	719	ccle;public	lymphoid_neoplasm
NB1	autonomic_ganglia	720	ccle;public	neuroblastoma
NB4	haematopoietic_and_lymphoid_tissue	721	ccle;public	haematopoietic_neoplasm
NCCSTCK140	stomach	723	ccle;public	carcinoma
NCO2	haematopoietic_and_lymphoid_tissue	851	ccle;public	haematopoietic_neoplasm
NH6	autonomic_ganglia	852	ccle;public	neuroblastoma
NMCG1	central_nervous_system	855	ccle;public	glioma
NOMO1	haematopoietic_and_lymphoid_tissue	858	ccle;public	haematopoietic_neoplasm
NUDHL1	haematopoietic_and_lymphoid_tissue	874	ccle;public	lymphoid_neoplasm
NUDUL1	haematopoietic_and_lymphoid_tissue	875	ccle;public	lymphoid_neoplasm
NUGC2	stomach	876	ccle	carcinoma
NUGC3	stomach	877	ccle;public	carcinoma
NUGC4	stomach	878	ccle;public	carcinoma
OAW28	ovary	879	ccle;public	carcinoma
OAW42	ovary	880	ccle;public	carcinoma
OC314	ovary	881	ccle;public	carcinoma
OC315	ovary	882	ccle	carcinoma
OC316	ovary	883	ccle	carcinoma
OCIAML2	haematopoietic_and_lymphoid_tissue	884	ccle;public	haematopoietic_neoplasm
OCIAML3	haematopoietic_and_lymphoid_tissue	885	ccle;public	haematopoietic_neoplasm
OCIAML5	haematopoietic_and_lymphoid_tissue	886	ccle;public	haematopoietic_neoplasm
OCILY10	haematopoietic_and_lymphoid_tissue	887	ccle;public	lymphoid_neoplasm
OCILY19	haematopoietic_and_lymphoid_tissue	888	ccle;public	lymphoid_neoplasm
OCILY3	haematopoietic_and_lymphoid_tissue	889	ccle;public	lymphoid_neoplasm
OCIM1	haematopoietic_and_lymphoid_tissue	890	ccle;public	haematopoietic_neoplasm
OCUM1	stomach	893	ccle;public	carcinoma
OE19	oesophagus	894	ccle;public	carcinoma
OE21	oesophagus	895	ccle;public	carcinoma
OE33	oesophagus	896	ccle;public	
OELE	ovary	897	ccle	
ONCODG1	ovary	898	ccle;public	carcinoma
ONS76	central_nervous_system	899	ccle;public	primitive_neuroectodermal_tumor_medulloblastoma
OPM2	haematopoietic_and_lymphoid_tissue	901	ccle;public	lymphoid_neoplasm
OSRC2	kidney	902	ccle;public	carcinoma
OUMS23	large_intestine	903	ccle;public	carcinoma
OUMS27	bone	904	ccle	chondrosarcoma
OV56	ovary	905	ccle;public	carcinoma
OV7	ovary	906	ccle;public	carcinoma
OV90	ovary	907	ccle;public	carcinoma
OVCAR4	ovary	908	ccle;public	carcinoma
OVCAR5		909	public	
OVCAR8	ovary	910	ccle;public	carcinoma
OVISE	ovary	911	ccle;public	carcinoma
OVK18	ovary	912	ccle;public	carcinoma
OVKATE	ovary	913	ccle;public	carcinoma
OVMANA	ovary	914	ccle;public	carcinoma
OVSAHO	ovary	915	ccle;public	carcinoma
OVTOKO	ovary	916	ccle;public	carcinoma
P12ICHIKAWA	haematopoietic_and_lymphoid_tissue	917	ccle;public	lymphoid_neoplasm
P31FUJ	haematopoietic_and_lymphoid_tissue	918	ccle;public	haematopoietic_neoplasm
P3HR1	haematopoietic_and_lymphoid_tissue	919	ccle;public	lymphoid_neoplasm
PANC0203	pancreas	920	ccle;public	carcinoma
PANC0213	pancreas	921	ccle	carcinoma
PANC0327	pancreas	922	ccle;public	carcinoma
PANC0403	pancreas	923	ccle;public	carcinoma
PANC0504	pancreas	924	ccle;public	carcinoma
PANC0813	pancreas	925	ccle;public	carcinoma
PANC1	pancreas	926	ccle;public	carcinoma
PANC1005	pancreas	927	ccle;public	carcinoma
PATU8902	pancreas	928	ccle;public	carcinoma
PATU8988S	pancreas	929	ccle;public	carcinoma
PATU8988T	pancreas	930	ccle;public	carcinoma
PC14	lung	931	ccle;public	carcinoma
PC3	prostate	932	ccle;public	carcinoma
PCM6	haematopoietic_and_lymphoid_tissue	934	ccle	lymphoid_neoplasm
PECAPJ15	upper_aerodigestive_tract	935	ccle;public	carcinoma
PECAPJ34CLONEC12	upper_aerodigestive_tract	937	ccle;public	carcinoma
PECAPJ41CLONED2	upper_aerodigestive_tract	939	ccle;public	carcinoma
PECAPJ49	upper_aerodigestive_tract	940	ccle;public	carcinoma
PEER	haematopoietic_and_lymphoid_tissue	941	ccle;public	lymphoid_neoplasm
PF382	haematopoietic_and_lymphoid_tissue	942	ccle;public	lymphoid_neoplasm
PFEIFFER	haematopoietic_and_lymphoid_tissue	943	ccle;public	lymphoid_neoplasm
PK1	pancreas	944	ccle;public	carcinoma
PK45H	pancreas	945	ccle;public	carcinoma
PK59	pancreas	946	ccle;public	carcinoma
PL21	haematopoietic_and_lymphoid_tissue	947	ccle;public	haematopoietic_neoplasm
PL45	pancreas	948	ccle	carcinoma
PLCPRF5	liver	950	ccle;public	carcinoma
PRECLH	prostate	951	ccle	
PSN1	pancreas	952	ccle;public	carcinoma
PSTS		953	collaborator	
QGP1	pancreas	954	ccle;public	carcinoma
RAJI	haematopoietic_and_lymphoid_tissue	955	ccle;public	lymphoid_neoplasm
RCC10RGB	kidney	956	ccle;public	carcinoma
RCC4	kidney	957	ccle	carcinoma
RCHACV	haematopoietic_and_lymphoid_tissue	958	ccle;public	lymphoid_neoplasm
RCM1	large_intestine	960	ccle;public	carcinoma
RD	soft_tissue	961	ccle;public	rhabdomyosarcoma
RDES	bone	963	ccle;public	Ewings_sarcoma_peripheral_primitive_neuroectodermal_tumor
REC1	haematopoietic_and_lymphoid_tissue	964	ccle;public	lymphoid_neoplasm
REH	haematopoietic_and_lymphoid_tissue	965	ccle;public	lymphoid_neoplasm
RERFGC1B	stomach	966	ccle	carcinoma
RERFLCAD1	lung	967	ccle;public	carcinoma
RERFLCAD2	lung	968	ccle;public	carcinoma
RERFLCAI	lung	969	ccle;public	carcinoma
RERFLCKJ	lung	970	ccle	carcinoma
RERFLCMS	lung	971	ccle;public	carcinoma
RERFLCSQ1	lung	972	ccle	carcinoma
RH18	soft_tissue	973	ccle;public	rhabdomyosarcoma
RH30	soft_tissue	975	ccle;public	rhabdomyosarcoma
RH41	soft_tissue	976	ccle;public	rhabdomyosarcoma
RI1	haematopoietic_and_lymphoid_tissue	977	ccle;public	lymphoid_neoplasm
RKN	soft_tissue	978	ccle;public	leiomyosarcoma
RKO	large_intestine	979	ccle;public	carcinoma
RL	haematopoietic_and_lymphoid_tissue	980	ccle;public	lymphoid_neoplasm
RL952	endometrium	981	ccle;public	carcinoma
RMGI	ovary	983	ccle;public	carcinoma
RMUGS	ovary	985	ccle;public	carcinoma
RPMI6666		990	public	
RPMI7951	skin	991	ccle;public	malignant_melanoma
RPMI8226	haematopoietic_and_lymphoid_tissue	992	ccle;public	lymphoid_neoplasm
RPMI8402	haematopoietic_and_lymphoid_tissue	994	ccle;public	lymphoid_neoplasm
RS411	haematopoietic_and_lymphoid_tissue	995	ccle;public	lymphoid_neoplasm
RS5	pleura	996	ccle	mesothelioma
RT112	urinary_tract	997	ccle;public	carcinoma
RT11284	urinary_tract	998	ccle	carcinoma
RT4	urinary_tract	999	ccle;public	carcinoma
RVH421	skin	1000	ccle;public	malignant_melanoma
S117	soft_tissue	1002	ccle;public	sarcoma
SALE	lung	1003	ccle	
SAOS2	bone	1004	ccle;public	osteosarcoma
SBC5	lung	1005	ccle;public	carcinoma
SCABER	urinary_tract	1006	ccle;public	carcinoma
SCC15	upper_aerodigestive_tract	1007	ccle	carcinoma
SCC25	upper_aerodigestive_tract	1008	ccle;public	carcinoma
SCC4	upper_aerodigestive_tract	1009	ccle;public	carcinoma
SCC9	upper_aerodigestive_tract	1010	ccle;public	carcinoma
SCLC21H	lung	1011	ccle;public	carcinoma
SEM	haematopoietic_and_lymphoid_tissue	1013	ccle;public	lymphoid_neoplasm
SET2	haematopoietic_and_lymphoid_tissue	1014	ccle;public	haematopoietic_neoplasm
SF126	central_nervous_system	1015	ccle;public	glioma
SF172	central_nervous_system	1016	ccle	glioma
SF268		1017	public	
SF295	central_nervous_system	1018	ccle;public	glioma
SF539		1019	public	
SF767	central_nervous_system	1021	ccle	glioma
SH10TC	stomach	1024	ccle;public	carcinoma
SH4	skin	1025	ccle;public	malignant_melanoma
SHP77	lung	1026	ccle;public	carcinoma
SHSY5Y	autonomic_ganglia	1027	ccle	neuroblastoma
SIGM5	haematopoietic_and_lymphoid_tissue	1028	ccle;public	haematopoietic_neoplasm
SIMA	autonomic_ganglia	1030	ccle;public	neuroblastoma
SJRH30	soft_tissue	1031	ccle	rhabdomyosarcoma
SJSA1	bone	1032	ccle;public	osteosarcoma
SKBR3	breast	1033	ccle;public	carcinoma
SKCO1	large_intestine	1034	ccle;public	carcinoma
SKES1	bone	1035	ccle;public	Ewings_sarcoma_peripheral_primitive_neuroectodermal_tumor
SKHEP1	liver	1036	ccle;public	carcinoma
SKLMS1	soft_tissue	1037	ccle;public	sarcoma
SKLU1	lung	1038	ccle;public	carcinoma
SKM1	haematopoietic_and_lymphoid_tissue	1039	ccle;public	haematopoietic_neoplasm
SKMEL1	skin	1040	ccle;public	malignant_melanoma
SKMEL2	skin	1041	ccle;public	malignant_melanoma
SKMEL24	skin	1042	ccle;public	malignant_melanoma
SKMEL28	skin	1043	ccle;public	malignant_melanoma
SKMEL3	skin	1044	ccle;public	malignant_melanoma
SKMEL30	skin	1045	ccle;public	malignant_melanoma
SKMEL31	skin	1046	ccle;public	malignant_melanoma
SKMEL5	skin	1047	ccle;public	malignant_melanoma
SKMES1	lung	1048	ccle;public	carcinoma
SKMM2	haematopoietic_and_lymphoid_tissue	1050	ccle;public	lymphoid_neoplasm
SKNAS	autonomic_ganglia	1051	ccle;public	neuroblastoma
SKNBE2	autonomic_ganglia	1052	ccle;public	neuroblastoma
SKNDZ	autonomic_ganglia	1053	ccle;public	neuroblastoma
SKNFI	autonomic_ganglia	1055	ccle;public	neuroblastoma
SKNMC	bone	1056	ccle;public	Ewings_sarcoma_peripheral_primitive_neuroectodermal_tumor
SKNSH	autonomic_ganglia	1058	ccle;public	neuroblastoma
SKOV3	ovary	1059	ccle;public	carcinoma
SKRC20	kidney	1060	ccle	carcinoma
SKRC31	kidney	1061	ccle	carcinoma
SKUT1	soft_tissue	1063	ccle;public	leiomyosarcoma
SLR20	kidney	1064	ccle	carcinoma
SLR21	kidney	1065	ccle	carcinoma
SLR23	kidney	1066	ccle	carcinoma
SLR24	kidney	1067	ccle	carcinoma
SLR25	kidney	1068	ccle	carcinoma
SLR26	kidney	1069	ccle	carcinoma
SNB19	central_nervous_system	1072	ccle	glioma
SNB75		1073	public	
SNGM	endometrium	1074	ccle;public	carcinoma
SNU1	stomach	1075	ccle;public	carcinoma
SNU1033	large_intestine	1076	ccle;public	carcinoma
SNU1040	large_intestine	1077	ccle;public	carcinoma
SNU1041	upper_aerodigestive_tract	1078	ccle;public	carcinoma
SNU1066	upper_aerodigestive_tract	1079	ccle;public	carcinoma
SNU1076	upper_aerodigestive_tract	1080	ccle;public	carcinoma
SNU1077	endometrium	1081	ccle;public	carcinoma
SNU1079	biliary_tract	1082	ccle;public	carcinoma
SNU1105	central_nervous_system	1083	ccle;public	glioma
SNU119	ovary	1084	ccle;public	carcinoma
SNU1196	biliary_tract	1085	ccle;public	carcinoma
SNU1197	large_intestine	1086	ccle	carcinoma
SNU1214	upper_aerodigestive_tract	1087	ccle;public	carcinoma
SNU1272	kidney	1088	ccle;public	carcinoma
SNU16	stomach	1089	ccle;public	carcinoma
SNU175	large_intestine	1090	ccle;public	carcinoma
SNU182	liver	1091	ccle;public	carcinoma
SNU201	central_nervous_system	1092	ccle;public	glioma
SNU213	pancreas	1093	ccle;public	carcinoma
SNU216	stomach	1094	ccle;public	carcinoma
SNU245	biliary_tract	1095	ccle;public	carcinoma
SNU283	large_intestine	1096	ccle;public	carcinoma
SNU308	biliary_tract	1097	ccle;public	carcinoma
SNU324	pancreas	1098	ccle	carcinoma
SNU349	kidney	1099	ccle	carcinoma
SNU387	liver	1100	ccle;public	carcinoma
SNU398	liver	1101	ccle;public	carcinoma
SNU407	large_intestine	1102	ccle;public	carcinoma
SNU410	pancreas	1103	ccle;public	carcinoma
SNU423	liver	1104	ccle;public	carcinoma
SNU449	liver	1105	ccle;public	carcinoma
SNU46	upper_aerodigestive_tract	1106	ccle;public	carcinoma
SNU466	central_nervous_system	1107	ccle;public	glioma
SNU475	liver	1108	ccle;public	carcinoma
SNU478	biliary_tract	1109	ccle;public	carcinoma
SNU489	central_nervous_system	1110	ccle;public	glioma
SNU5	stomach	1111	ccle;public	carcinoma
SNU503	large_intestine	1112	ccle;public	carcinoma
SNU520	stomach	1113	ccle	carcinoma
SNU601	stomach	1114	ccle;public	carcinoma
SNU61	large_intestine	1115	ccle;public	carcinoma
SNU620	stomach	1116	ccle;public	carcinoma
SNU626	central_nervous_system	1117	ccle;public	glioma
SNU668	stomach	1118	ccle;public	carcinoma
SNU685	endometrium	1119	ccle;public	carcinoma
SNU719	stomach	1120	ccle;public	carcinoma
SNU738	central_nervous_system	1121	ccle;public	glioma
SNU761	liver	1122	ccle;public	carcinoma
SNU8	ovary	1123	ccle;public	carcinoma
SNU81	large_intestine	1124	ccle;public	carcinoma
SNU840	ovary	1125	ccle;public	carcinoma
SNU869	biliary_tract	1126	ccle;public	carcinoma
SNU878	liver	1127	ccle;public	carcinoma
SNU886	liver	1128	ccle;public	carcinoma
SNU899	upper_aerodigestive_tract	1129	ccle;public	carcinoma
SNUC1	large_intestine	1130	ccle;public	carcinoma
SNUC2A	large_intestine	1131	ccle;public	carcinoma
SNUC4	large_intestine	1133	ccle;public	carcinoma
SNUC5	large_intestine	1134	ccle;public	carcinoma
SQ1	lung	1135	ccle;public	carcinoma
SR786	haematopoietic_and_lymphoid_tissue	1136	ccle;public	lymphoid_neoplasm
ST486	haematopoietic_and_lymphoid_tissue	1137	ccle;public	lymphoid_neoplasm
SU8686	pancreas	1138	ccle;public	carcinoma
SUDHL1	haematopoietic_and_lymphoid_tissue	1139	ccle;public	lymphoid_neoplasm
SUDHL10	haematopoietic_and_lymphoid_tissue	1140	ccle;public	lymphoid_neoplasm
SUDHL4	haematopoietic_and_lymphoid_tissue	1141	ccle;public	lymphoid_neoplasm
SUDHL5	haematopoietic_and_lymphoid_tissue	1142	ccle;public	lymphoid_neoplasm
SUDHL6	haematopoietic_and_lymphoid_tissue	1143	ccle;public	lymphoid_neoplasm
SUDHL8	haematopoietic_and_lymphoid_tissue	1144	ccle;public	lymphoid_neoplasm
SUIT2	pancreas	1145	ccle;public	carcinoma
SUPB15	haematopoietic_and_lymphoid_tissue	1146	ccle;public	lymphoid_neoplasm
SUPHD1	haematopoietic_and_lymphoid_tissue	1147	ccle;public	lymphoid_neoplasm
SUPM2	haematopoietic_and_lymphoid_tissue	1148	ccle;public	lymphoid_neoplasm
SUPT1	haematopoietic_and_lymphoid_tissue	1149	ccle;public	lymphoid_neoplasm
SUPT11	haematopoietic_and_lymphoid_tissue	1150	ccle;public	lymphoid_neoplasm
SW1088	central_nervous_system	1151	ccle;public	glioma
SW1116	large_intestine	1152	ccle;public	carcinoma
SW1271	lung	1153	ccle;public	carcinoma
SW1353	bone	1154	ccle;public	chondrosarcoma
SW1417	large_intestine	1155	ccle;public	carcinoma
SW1463	large_intestine	1156	ccle;public	carcinoma
SW1573	lung	1157	ccle;public	carcinoma
SW1710	urinary_tract	1158	ccle;public	carcinoma
SW1783	central_nervous_system	1159	ccle;public	glioma
SW1990	pancreas	1160	ccle;public	carcinoma
SW403	large_intestine	1161	ccle;public	carcinoma
SW48	large_intestine	1162	ccle;public	carcinoma
SW480	large_intestine	1163	ccle	carcinoma
SW579	thyroid	1165	ccle;public	carcinoma
SW620	large_intestine	1166	ccle;public	carcinoma
SW780	urinary_tract	1167	ccle	carcinoma
SW837	large_intestine	1168	ccle;public	carcinoma
SW900	lung	1169	ccle	carcinoma
SW948	large_intestine	1170	ccle;public	carcinoma
T173	bone	1171	ccle	osteosarcoma
T24	urinary_tract	1172	ccle;public	carcinoma
T3M10	lung	1173	ccle;public	carcinoma
T3M4	pancreas	1174	ccle	carcinoma
T47D	breast	1175	ccle;public	carcinoma
T84	large_intestine	1176	ccle;public	carcinoma
T98G	central_nervous_system	1177	ccle;public	glioma
TALL1	haematopoietic_and_lymphoid_tissue	1178	ccle;public	lymphoid_neoplasm
TC32	bone	1179	ccle	Ewings_sarcoma_peripheral_primitive_neuroectodermal_tumor
TC71	bone	1180	ccle;public	Ewings_sarcoma_peripheral_primitive_neuroectodermal_tumor
TCCPAN2	pancreas	1182	ccle;public	carcinoma
TCCSUP	urinary_tract	1183	ccle;public	carcinoma
TE1	oesophagus	1184	ccle;public	carcinoma
TE10	oesophagus	1185	ccle;public	carcinoma
TE11	oesophagus	1186	ccle;public	carcinoma
TE125T	soft_tissue	1187	ccle;public	rhabdomyosarcoma
TE14	oesophagus	1188	ccle;public	carcinoma
TE15	oesophagus	1189	ccle;public	carcinoma
TE159T	soft_tissue	1190	ccle	rhabdomyosarcoma
TE4	oesophagus	1191	ccle;public	carcinoma
TE441T	soft_tissue	1192	ccle;public	rhabdomyosarcoma
TE5	oesophagus	1193	ccle;public	carcinoma
TE6	oesophagus	1194	ccle;public	carcinoma
TE617T	soft_tissue	1195	ccle;public	rhabdomyosarcoma
TE8	oesophagus	1196	ccle;public	carcinoma
TE9	oesophagus	1197	ccle;public	carcinoma
TEN	endometrium	1198	ccle	carcinoma
TF1	haematopoietic_and_lymphoid_tissue	1199	ccle;public	haematopoietic_neoplasm
TGBC11TKB	stomach	1200	ccle	carcinoma
THP1	haematopoietic_and_lymphoid_tissue	1201	ccle;public	haematopoietic_neoplasm
TIG3TD	lung	1202	ccle	
TM31	central_nervous_system	1204	ccle;public	glioma
TO175T	haematopoietic_and_lymphoid_tissue	1205	ccle	lymphoid_neoplasm
TOLEDO	haematopoietic_and_lymphoid_tissue	1206	ccle;public	lymphoid_neoplasm
TOV112D	ovary	1208	ccle;public	carcinoma
TOV21G	ovary	1209	ccle;public	carcinoma
TT2609C02	thyroid	1210	ccle;public	carcinoma
TTOESOPHAGUS	oesophagus	1211	ccle	carcinoma
TTTHYROID	thyroid	1212	ccle;public	carcinoma
TUHR10TKB	kidney	1213	ccle;public	carcinoma
TUHR14TKB	kidney	1214	ccle;public	carcinoma
TUHR4TKB	kidney	1216	ccle;public	carcinoma
TYKNU	ovary	1217	ccle;public	carcinoma
U118MG	central_nervous_system	1218	ccle;public	glioma
U138MG	central_nervous_system	1220	ccle	glioma
U178	central_nervous_system	1221	ccle	glioma
U251MG	central_nervous_system	1223	ccle;public	glioma
U266B1	haematopoietic_and_lymphoid_tissue	1225	ccle;public	lymphoid_neoplasm
U2OS	bone	1226	ccle;public	osteosarcoma
U343	central_nervous_system	1227	ccle	glioma
U87MG	central_nervous_system	1230	ccle;public	glioma
U937	haematopoietic_and_lymphoid_tissue	1231	ccle;public	lymphoid_neoplasm
UACC257	skin	1232	ccle;public	malignant_melanoma
UACC62	skin	1233	ccle;public	malignant_melanoma
UACC812	breast	1234	ccle;public	carcinoma
UACC893	breast	1235	ccle	carcinoma
UBLC1	urinary_tract	1236	ccle;public	carcinoma
UMRC2	kidney	1239	ccle	carcinoma
UMRC6	kidney	1240	ccle	carcinoma
UMUC1	urinary_tract	1243	ccle;public	carcinoma
UMUC3	urinary_tract	1244	ccle;public	carcinoma
UO31		1245	public	
UOK101	kidney	1246	ccle	carcinoma
UT7	haematopoietic_and_lymphoid_tissue	1247	ccle	haematopoietic_neoplasm
VCAP	prostate	1249	ccle;public	carcinoma
VMCUB1	urinary_tract	1250	ccle;public	carcinoma
VMRCLCD	lung	1251	ccle;public	carcinoma
VMRCLCP	lung	1252	ccle	carcinoma
VMRCRCW	kidney	1253	ccle;public	carcinoma
VMRCRCZ	kidney	1254	ccle;public	carcinoma
WM115	skin	1255	ccle;public	malignant_melanoma
WM1799	skin	1256	ccle;public	malignant_melanoma
WM2664	skin	1260	ccle;public	malignant_melanoma
WM793	skin	1270	ccle;public	malignant_melanoma
WM88	skin	1271	ccle;public	malignant_melanoma
WM983B	skin	1273	ccle;public	malignant_melanoma
WSUDLCL2	haematopoietic_and_lymphoid_tissue	1274	ccle;public	lymphoid_neoplasm
YAPC	pancreas	1277	ccle;public	carcinoma
YD10B	upper_aerodigestive_tract	1278	ccle;public	carcinoma
YD15	salivary_gland	1279	ccle;public	carcinoma
YD38	upper_aerodigestive_tract	1280	ccle;public	carcinoma
YD8	upper_aerodigestive_tract	1281	ccle;public	carcinoma
YH13	central_nervous_system	1282	ccle;public	glioma
YKG1	central_nervous_system	1283	ccle;public	glioma
YMB1	breast	1284	ccle	carcinoma
ZR751	breast	1285	ccle;public	carcinoma
ZR7530	breast	1286	ccle;public	carcinoma
BT498		120597	collaborator	
NCIH1395	lung	127978	ccle;public	carcinoma
NCIH1666	lung	127983	ccle;public	carcinoma
NCIH1755	lung	127984	ccle;public	carcinoma
NCIH1975	lung	127985	ccle;public	carcinoma
NCIH2087	lung	127988	ccle;public	carcinoma
NCIH209	lung	127989	ccle;public	carcinoma
NCIH2122	lung	127990	ccle;public	carcinoma
NCIH23	lung	127991	ccle;public	carcinoma
NCIH358	lung	127997	ccle;public	carcinoma
NCIH441	lung	127999	ccle;public	carcinoma
NCIH446	lung	128000	ccle;public	carcinoma
NCIH460	lung	128001	ccle;public	carcinoma
NCIH508	large_intestine	128003	ccle;public	carcinoma
NCIH596	lung	128004	ccle;public	carcinoma
NCIH661	lung	128005	ccle;public	carcinoma
NCIH69	lung	128006	ccle;public	carcinoma
NCIH929	haematopoietic_and_lymphoid_tissue	128013	ccle;public	lymphoid_neoplasm
NCIN87	stomach	134841	ccle;public	carcinoma
NIHOVCAR3	ovary	135853	ccle	carcinoma
SW982		150887	collaborator	
NCIH28	pleura	155285	ccle;public	mesothelioma
NCIH82	lung	155288	ccle	carcinoma
NCIH146	lung	155292	ccle;public	carcinoma
NCIH196	lung	155294	ccle;public	carcinoma
NCIH211	lung	155295	ccle;public	carcinoma
NCIH226	lung	155297	ccle;public	carcinoma
NCIH322	lung	155305	ccle;public	carcinoma
NCIH510	lung	155322	ccle;public	carcinoma
NCIH520	lung	155324	ccle;public	carcinoma
NCIH522	lung	155325	ccle;public	carcinoma
NCIH524	lung	155326	ccle;public	carcinoma
NCIH526	lung	155327	ccle;public	carcinoma
NCIH647	lung	155339	ccle;public	carcinoma
NCIH650	lung	155340	ccle;public	carcinoma
NCIH660	prostate	155341	ccle;public	carcinoma
NCIH684	liver	155345	ccle	
NCIH716	large_intestine	155348	ccle;public	carcinoma
NCIH727	lung	155352	ccle;public	carcinoid_endocrine_tumor
NCIH747	large_intestine	155356	ccle;public	carcinoma
NCIH810	lung	155362	ccle;public	carcinoma
NCIH838	lung	155365	ccle;public	carcinoma
NCIH841	lung	155366	ccle;public	carcinoma
NCIH854	lung	155368	ccle;public	carcinoma
NCIH889	lung	155371	ccle;public	carcinoma
NCIH1048	lung	155380	ccle	carcinoma
NCIH1092	lung	155385	ccle;public	carcinoma
NCIH1105	lung	155387	ccle;public	carcinoma
NCIH1155	lung	155388	ccle;public	carcinoma
NCIH1184	lung	155390	ccle;public	carcinoma
NCIH1299	lung	155395	ccle;public	carcinoma
NCIH1339	lung	155399	ccle;public	carcinoma
NCIH1341	lung	155400	ccle;public	carcinoma
NCIH1355	lung	155401	ccle;public	carcinoma
NCIH1373	lung	155402	ccle;public	carcinoma
NCIH1385	lung	155404	ccle;public	carcinoma
NCIH1435	lung	155407	ccle;public	carcinoma
NCIH1436	lung	155408	ccle	carcinoma
NCIH1437	lung	155409	ccle	carcinoma
NCIH1563	lung	155421	ccle;public	carcinoma
NCIH1568	lung	155422	ccle;public	carcinoma
NCIH1573	lung	155424	ccle;public	carcinoma
NCIH1581	lung	155425	ccle;public	carcinoma
NCIH1618	lung	155429	ccle	carcinoma
NCIH1623	lung	155431	ccle;public	carcinoma
NCIH1648	lung	155433	ccle	carcinoma
NCIH1650	lung	155434	ccle;public	carcinoma
NCIH1651	lung	155435	ccle;public	carcinoma
NCIH1693	lung	155439	ccle;public	carcinoma
NCIH1694	lung	155440	ccle;public	carcinoma
NCIH1703	lung	155441	ccle;public	carcinoma
NCIH1734	lung	155445	ccle;public	carcinoma
NCIH1781	lung	155448	ccle;public	carcinoma
NCIH1792	lung	155450	ccle;public	carcinoma
NCIH1793	lung	155451	ccle;public	carcinoma
NCIH1836	lung	155454	ccle	carcinoma
NCIH1838	lung	155455	ccle;public	carcinoma
NCIH1869	lung	155456	ccle;public	carcinoma
NCIH1876	lung	155458	ccle	carcinoma
NCIH1915	lung	155463	ccle;public	carcinoma
NCIH1930	lung	155466	ccle	carcinoma
NCIH1944	lung	155467	ccle;public	carcinoma
NCIH1963	lung	155469	ccle	carcinoma
NCIH2009	lung	155476	ccle;public	carcinoma
NCIH2023	lung	155477	ccle;public	carcinoma
NCIH2029	lung	155479	ccle;public	carcinoma
NCIH2030	lung	155480	ccle;public	carcinoma
NCIH2052	pleura	155481	ccle;public	mesothelioma
NCIH2066	lung	155484	ccle	carcinoma
NCIH2073	lung	155485	ccle;public	carcinoma
NCIH2081	lung	155487	ccle;public	carcinoma
NCIH2085	lung	155488	ccle;public	carcinoma
NCIH2106	lung	155491	ccle;public	carcinoma
NCIH2110	lung	155493	ccle;public	carcinoma
NCIH2126	lung	155494	ccle;public	carcinoma
NCIH2141	lung	155496	ccle;public	carcinoma
NCIH2170	lung	155498	ccle;public	carcinoma
NCIH2171	lung	155499	ccle;public	carcinoma
NCIH2172	lung	155500	ccle;public	carcinoma
NCIH2196	lung	155502	ccle;public	carcinoma
NCIH2227	lung	155504	ccle	carcinoma
NCIH2228	lung	155505	ccle;public	carcinoma
NCIH2286	lung	155510	ccle;public	carcinoma
NCIH2291	lung	155511	ccle;public	carcinoma
NCIH2342	lung	155513	ccle;public	carcinoma
NCIH2347	lung	155514	ccle	carcinoma
NCIH2405	lung	155518	ccle;public	carcinoma
NCIH2444	lung	155519	ccle;public	carcinoma
NCIH2452	pleura	155520	ccle;public	mesothelioma
NCIH3255	lung	155524	ccle	carcinoma
BT232		155803	collaborator	
BT245		155804	collaborator	
BT271		155805	collaborator	
BT286		155806	collaborator	
BT320		155807	collaborator	
BT328		155808	collaborator	
BT330		155809	collaborator	
BT333		155810	collaborator	
BT340		155811	collaborator	
BT359		155812	collaborator	
BT416		155813	collaborator	
BT422		155814	collaborator	
BT428		155815	collaborator	
BT440		155816	collaborator	
BT444		155817	collaborator	
BT482		155818	collaborator	
BT504		155819	collaborator	
BT12		155820	collaborator	
BT16		155821	collaborator	
TM87-16		155822	collaborator	
2004		155823	collaborator	
TTC709		155824	collaborator	
ASKA		155825	collaborator	
YAMATO		155826	collaborator	
SYO1		155827	collaborator	
U-CH1		155841	collaborator	
